El Sereno,90032
Mid-City,90019
Baldwin Hills / Crenshaw / Leimert Park,90008
Boyle Heights,90033,90063
Byzantine-Latino Quarter / Harvard Heights / Koreatown,90006
Central Downtown / Chinatown,90012
East Los Angeles / City of Commerce,90023
Silver Lake,90026,90039
Downtown Southeast,90021
Downtown West,90017
Downtown South,90015
East Hollywood,90029
Los Feliz,90027
Jefferson Park / Leimert Park,90018
Hollywood,90038,90028
Palms,90034
Wilshire Center,90005,90010,90004
South Los Angeles / Broadway Manchester,90003
Southeast Los Angeles,90011
Univerity Park,90007
Watts,90002
Rolling Hills Estates,90275
Inglewood,90301,90303,90302,90305
Lennox,90304
West Adams,90016
West Fairfax,90035
West Los Angeles,90025
Windsor Square,90020
Montecito Heights,91756,90031
Westwood,90024,90095
West Hollywood,90048,90068,90069,90046
Topanga State Park,90272
South Los Angeles,90037,90047,90061,90062,90044
Wilshire-La Brea,90036
El Segundo,90245
Financial District,90071
East Los Angeles,90022
Gardena,90248,90247,90249
Malibu,90265
Manhattan Beach,90266
University of Southern California,90089
Venice,90291
Wells Fargo,90084,90088
Westlake,90057
Mar Vista,90066
Mt. Washington,90065
Windsor Hills,90043
Westchester,90045,90083
Marina Peninsula,90292
Playa Vista,90094
Playa del Rey,90293
Brentwood,90049
Maywood,90270
Beverly Glen,90077
Century City,90067
City of Commerce,90040
Torrance,90277,90278,90504,90503,90501,90505
South Gate,90280
Downtown,90074,90401
Veterans Administration,90073
Topanga,90290
Vernon,90058
Holly Park,90250
Bar Code Terminal Annex,90099
Rodale Press,90103
Willowbrook,90059,90222
Boeing,90846
Press Telegram,90844
Biola University,90639
Bixby Knolls,90807
CSU Dominguez Hills,90747
CSU Long Beach,90840
Camino College,90506
Cudahy,90201
Beverly Hills,90210,90212,90211
Culver City,90230,90232
Rancho Dominguez,90220,90224
Downey,90241,90242,90240
Hermosa Beach,90254
Walnut Park,90255
Ladera Heights,90056
Lawndale,90260
Lawndale Federal Bldg,90261
Lynwood,90262
East Rancho Dominguez,90221
West Whittier,90606
Artesia,90701
Santa Catalina Island,90704
Bellflower,90706
Carson,90745,90746,90895
Cerritos,90703
Whittier,90601,90602,90603,90605,90604
Arcadia,91007,91006
Pacoima,91331
West Hills,91307,91304
San Pedro,90732
Terminal Island,90731
Wilmington,90744
Sylmar,91342
Sun Valley,91352
Bradbury,91008
Mission Hills,91345
Irwindale,91706,91702
North Hills,91343
Sunland,91040
Monrovia,91016,91010
Northridge,91325,91329,91324
North Long Beach,90805
Monte Nido,91302
Whittier College,90608
Sunpark,90405
Harbor City,90710
Chatsworth,91311
Saugus,91390
Castaic,91310
Glendale,91201,91208,91202,91207,91206,91203
Valencia,91354,91355
Encino,91316,91436
Ambassador College,91123
Long Beach,90815,90814,90806,90813,90808,90822,90810,90842,90802,90834,90831,90833,90847,90899,90848,90835
Santa Clarita,91351,91387
CSU Northridge,91330
Verdugo City,91046
Hawaiian Gardens,90716
Granada Hills,91344
La Habra Heights,90631
La Mirada,90638
Lakewood,90712,90713,90715
Montebello,90640
Norwalk,90650
Paramount,90723
Pico Rivera,90660
Santa Fe Springs,90670
West Carson,90502
Lomita,90717
Santa Monica,90404,90403,90402
Sleepy Valley,91350
Altadena,91001
Agoura Hills,91301,91377
La Canada Flintridge,91011
Montrose,91214,91020
Tarzana,91356
Valley Glen,91405
Baldwin Park,91797
Valinda,91744
Phillips Ranch,91766
Rowland Heights,91748
Van Nuys,91411,91406,91403,91401,91423,91470,91496,91482,91413,91495,91499
North Hollywood,91605,91606,91611,91612
Studio City,91604
Tujunga,91042
Winnetka,91306
West Puente Valley,91746
Burbank,91502,91506,91501,91523,91522
Woodland Hills,91364,91367,91372
West Toluca Lake,91602
Toluca Terrace,91601
Panorama City,91402
Valley Village,91607
Newhall,91321
Claremont,91711
Covina,91722,91723,91724
El Monte,91731,91732,91735
Glendora,91740,91741
Hacienda Heights,91745
La Verne,91750
La Crescenta,91224
California Institute of Technology,91126,91125
Tropico,91205,91204
Canoga Park,91303
Glenoaks,91504
Walt Disney Co,91526
Woodbury University,91510
Woodland Hills / Pierce College,91371
Mount Wilson,91023
Pasadena,91103,91101,91106,91105,91104,91184,91182,91189,91188,91185,91110,91121,91129,91199
San Fernando,91340
San Marino,91108
Sierra Madre,91024
South Pasadena,91030
Monterey Park,91755,91754
Stevenson Ranch,91381
Val Verde,91384
Westlake Village,91361,91362
Universal City,91608
Diamond Bar,91765
Pomona,91767,91768
Lancaster,93534
Porter Ranch,91326
Rancho Park,90064
Quartz Hill,93586,93536
Reseda,91335
Los Angeles Dodgers,90090
Rosemead,91771,91772,91770
Walnut,91795,91789
Wilsona Gardens,93535
Alhambra,91803,91804,91801
Edwards AFB,93523
Three Points,93532
Pearblossom,93553
Downtown East,90014
Valyermo,93563
Naples,90803
Sun Village,93543
Disney Productions,91521
Eagle Rock,90041
Highland Park,90042
San Dimas,91773
South Los Angeles / Florence Graham,90001
San Gabriel,91776,91775
Temple City,91780
East Long Beach,90804
West Covina,91790,91791,91792
Central Downtown,90013
Rolling Hills,90274
Palmdale,93550,93591,93599,93551,93552
Citibank,90189
Acton,93510
Los Angeles,90096
Llano,93544
South El Monte,91733
Signal Hill,90755
